customer_id,subscribed
18790,0
2240,0
26282,0
7439,0
2918,0
10092,0
15473,0
17119,0
8969,0
26270,0
27146,0
8136,0
9419,0
250,0
10620,0
14281,0
7451,0
21961,0
11048,1
5784,0
21694,0
20799,0
9276,0
10372,0
8439,0
9688,0
8147,0
9801,0
18423,0
7117,0
13631,0
16933,0
9712,0
20736,0
17401,0
17399,0
16554,0
23881,0
22733,0
17975,0
11491,0
4679,0
22860,0
9645,0
22600,0
9153,0
26927,0
10947,0
20727,0
1668,0
6847,0
25429,0
8842,0
27118,0
1555,0
3885,0
19011,0
8042,0
4667,0
3993,0
7650,0
24490,0
10322,0
6463,0
20428,0
5098,0
10594,0
17419,0
24164,0
15480,0
9132,0
14602,0
2641,0
8255,0
20371,0
22342,0
1426,0
12549,0
2904,0
22246,0
11566,0
24360,1
3964,0
2508,1
22293,0
12802,0
3378,0
27630,0
2730,0
23631,0
8589,0
23618,0
3778,1
25669,0
21319,0
27846,0
1406,0
12422,0
4751,0
96,0
1122,0
8575,1
28427,1
24843,0
8451,0
4341,0
8164,0
21894,0
13905,0
24170,0
11007,0
17023,1
21652,0
5754,0
23689,0
18217,0
17698,0
18198,0
6280,0
26070,0
19192,0
26990,0
26895,0
13225,0
14883,0
6334,0
11841,0
12648,0
3265,0
5863,0
22490,0
28088,0
12950,0
11935,0
15578,0
23176,0
10445,0
10675,0
23858,0
17278,0
14808,0
19592,0
18151,0
14128,0
14368,0
7536,0
12140,0
23948,0
26715,0
6440,0
19343,0
10689,0
1503,0
22474,0
16469,0
28159,0
4774,0
17882,0
21811,0
15102,0
28777,0
20738,0
18823,0
22714,0
21040,0
10870,0
23848,0
24755,0
28263,0
11398,0
3000,0
25176,0
1598,0
18298,0
17237,0
8904,0
24569,0
11699,0
11180,0
6285,0
15703,0
24868,0
17255,1
14740,0
6422,0
3426,0
3638,0
24167,0
22291,0
4877,0
9084,0
12110,0
8345,0
1758,0
3451,0
7318,0
22414,0
19849,1
10941,0
4972,0
15854,0
5216,0
16064,0
21879,0
852,0
7760,0
1433,0
7768,0
27808,0
28131,0
13539,0
8310,0
6906,0
10212,0
17155,0
28359,0
27988,0
15780,0
742,1
10341,0
3690,0
3799,0
24810,0
11436,0
25641,0
18167,0
16780,0
25265,0
5954,0
12927,0
18885,0
20983,0
14543,0
10063,0
8409,0
12727,0
18665,0
14431,0
24388,0
7094,0
10227,0
6557,0
14720,0
17802,0
11858,0
12384,0
27633,0
19114,0
10783,0
17872,0
27071,0
15334,0
18719,0
10548,0
13099,0
23675,0
7880,0
4902,1
25706,0
12283,0
24477,0
18838,0
2129,0
12428,1
9477,0
14303,0
14946,0
23264,0
24033,0
7102,0
23990,0
17067,0
26052,0
19731,0
23021,0
8628,0
19469,1
1427,0
9704,0
13014,0
8394,1
8238,0
16262,0
9625,0
5332,0
1246,0
6863,0
18551,0
18943,0
11265,0
13120,0
12480,0
7500,0
15955,0
20318,0
14127,0
27319,0
16886,0
26951,0
16366,0
10008,0
3697,0
20363,0
27215,0
27099,0
23591,0
6824,0
26358,0
3023,0
26437,0
15341,0
27254,0
17112,1
16341,0
9433,0
5871,0
15469,0
14399,0
11788,0
24689,0
25065,0
16820,0
18675,0
24900,0
5685,0
21501,0
25905,0
351,0
26761,0
11311,0
5394,0
3789,0
8165,0
27800,0
25929,0
9233,0
19828,0
8887,0
24835,1
19560,0
16291,1
19885,0
19453,0
17167,0
21629,0
28352,0
1266,0
3503,0
21343,0
16435,0
23023,1
10319,0
19443,0
16337,0
23373,0
16819,0
1103,0
27331,0
18154,0
6252,0
866,0
15244,0
20790,0
5047,0
1388,0
18958,0
11142,0
24400,0
10455,0
8270,0
26771,0
12139,0
25229,0
25850,0
26191,0
7668,0
5478,0
1588,0
28290,0
25288,0
11862,0
12052,0
27520,0
24280,0
21240,0
15461,0
7029,0
8889,0
25347,0
18879,0
2518,0
10650,0
26888,0
6688,0
13797,0
24497,0
15953,0
15350,0
20498,0
28813,0
9977,0
9729,0
8939,0
8673,0
8364,0
8460,0
18840,0
12065,0
92,0
24204,0
9701,0
3172,0
18754,0
18911,0
17561,0
27694,0
22430,0
3710,0
7893,0
19674,0
9929,0
5018,0
5697,0
10300,0
10711,0
23242,0
733,0
7174,0
20826,0
1330,0
14768,0
22060,0
16132,0
1569,0
5665,0
9939,0
10098,0
14649,0
7063,0
16811,0
4384,0
23794,0
5172,1
10864,0
5525,0
23996,1
1092,0
5551,0
10226,0
5107,0
27433,0
16253,0
1815,0
5576,0
27813,0
8309,0
7209,0
9938,0
6699,1
10035,0
27627,0
24798,0
4819,1
18027,0
2141,0
6049,0
12555,0
20540,0
16710,0
19429,0
16734,0
19841,0
9774,1
19365,0
21001,0
20640,0
17884,0
23991,0
20579,0
23300,0
19361,0
14865,0
9922,0
6032,0
26944,0
5198,0
16540,0
24801,0
11635,0
5236,0
10840,0
16635,0
9796,0
22807,1
2752,0
19817,0
9008,0
23283,0
23448,0
4740,0
15238,0
2900,0
20455,0
24361,0
5853,0
22739,0
19949,0
16174,0
12357,0
8192,0
15643,0
11044,0
7286,0
19407,0
1610,0
23765,0
9948,0
28270,1
20032,0
15676,0
5687,0
18461,0
17052,0
17440,0
2901,0
4037,0
14194,0
17723,0
5121,0
27173,0
10581,0
25638,0
27129,0
3282,0
14812,0
14763,0
9831,0
17762,0
12475,0
16177,0
3398,0
17590,0
9755,0
14108,0
9994,0
25853,0
15118,0
24565,0
19524,0
28407,0
19454,0
23704,0
18486,0
3298,0
23226,1
3949,1
4871,0
24577,0
9504,0
273,0
22193,0
20801,0
13060,0
26775,0
12578,0
16736,0
12202,0
17654,1
3246,0
11632,1
21506,0
9934,0
3711,0
21649,0
11816,0
11299,0
7785,0
14748,1
26009,0
17142,0
24648,0
14144,1
4140,0
20412,0
15917,0
7337,0
27459,0
22454,0
14836,0
26502,0
17756,0
5601,0
10128,0
26629,0
26881,0
1227,0
17252,0
196,0
16722,0
1738,0
10821,0
10007,0
16778,0
20346,0
14990,0
2111,0
4391,0
16507,0
15394,1
20016,0
5503,1
13954,0
2463,0
21724,0
6714,0
16533,0
20479,0
9058,0
18342,0
11654,1
17798,0
16066,0
19452,0
5824,0
4903,0
4501,0
26661,0
14557,0
23518,0
499,1
22427,0
16036,1
2168,0
25456,0
19485,0
15122,0
17678,0
19907,0
18657,0
22718,1
7698,0
13985,0
8247,0
312,0
1483,0
5727,0
16233,0
4206,0
15293,0
24301,0
23490,0
10428,0
26694,0
23354,0
1804,0
17504,0
5814,0
12620,0
6462,0
19266,0
22531,0
12729,0
22680,0
20547,0
20061,0
16837,0
16974,0
8285,0
7499,0
17523,0
4984,0
15760,1
22477,0
8796,0
278,0
27110,0
16954,0
20850,0
19111,0
2346,0
17699,0
12377,0
5026,0
24600,0
14353,0
345,0
3601,0
20635,0
13340,0
13492,0
19310,0
10157,0
18518,0
14508,1
20191,0
12309,1
27880,0
19629,0
15181,0
7628,1
5377,0
3208,0
1190,0
4048,0
11405,0
3045,0
14733,0
2393,1
11262,0
6275,0
12832,0
9920,0
15174,1
17869,0
18187,0
22204,0
25744,0
23681,0
8351,0
10475,0
12235,0
19927,0
6,0
579,0
14411,1
18317,0
550,0
5507,0
22108,0
13185,0
9188,0
20126,0
4220,0
705,1
17702,0
428,0
4421,0
22920,0
8925,0
28726,0
7582,0
14845,0
28637,0
1972,0
24655,0
10354,1
14704,1
8410,0
21218,0
13278,0
3594,0
23950,0
11798,0
22351,0
15951,0
6020,0
19412,0
16228,0
16581,0
22994,0
24591,0
21956,1
25652,0
3263,0
22672,0
19647,0
6352,0
25926,0
8686,0
3102,0
12574,0
23009,0
14778,0
5501,0
15262,0
3518,0
15529,0
14268,0
18712,0
8206,0
13181,0
8178,0
17346,0
12740,0
14065,0
20681,0
9502,1
12649,1
13083,0
11832,0
25072,0
27177,0
7800,0
23435,0
3230,0
7256,0
2874,0
2724,0
24157,1
2497,0
22366,0
19387,0
26745,0
10936,0
5688,0
22790,0
8341,0
11994,0
11315,0
24875,0
6149,0
10735,0
18699,0
1109,0
7268,0
10221,0
14418,0
24212,0
14403,0
25081,0
11051,0
9767,0
21235,0
14734,0
12455,0
17425,0
8958,0
21399,0
23394,0
15597,0
17497,0
1288,0
25030,0
11121,0
2208,0
626,1
12292,0
20665,0
3548,0
13525,0
1475,0
16594,0
13874,0
11320,0
8721,1
10469,1
11582,0
16308,0
6169,0
26435,0
24495,0
6526,0
16062,0
18724,0
10830,0
25336,0
28033,0
11985,0
28694,0
11099,0
13197,0
8288,0
6650,0
7842,0
2325,0
28072,0
28615,0
20019,0
491,0
24046,0
16960,0
14053,0
11680,0
5879,0
24677,0
8416,0
843,0
3122,1
24986,0
2476,0
25521,0
2579,0
9038,0
22421,0
21886,0
17307,0
22774,0
22777,0
27713,0
17711,0
26570,0
16849,0
16818,1
16338,0
28114,0
24651,0
516,0
22019,0
28128,0
27655,0
15914,0
9128,0
13094,0
3492,0
24425,0
12340,0
10597,0
14003,0
7363,0
19732,0
10969,0
14177,0
6241,0
26549,0
3053,0
2342,0
7341,0
3820,0
25179,0
15604,0
12261,0
25153,0
21142,0
26891,0
3455,0
4890,0
21704,1
8370,0
25677,0
18338,0
8450,0
23985,0
2136,0
16621,0
19338,0
25700,0
22661,0
2561,0
25844,0
15544,0
21339,0
16072,0
3547,0
16426,0
15466,0
23041,0
12060,0
27007,0
6944,0
1536,0
26459,0
5564,0
10984,0
17666,0
5219,1
16579,0
1396,0
5908,0
19791,0
25746,0
10166,0
15430,0
21012,0
1661,0
13363,0
14493,0
12534,0
20873,0
3394,0
25004,0
12471,0
21371,0
19966,0
4393,0
12425,1
21751,0
462,1
15622,0
19740,0
12988,0
1684,0
14747,0
15196,0
24348,0
3844,0
3979,0
19513,0
22048,0
16674,0
7647,0
18528,1
2383,0
5653,0
17060,1
9842,0
14163,1
15969,0
17020,0
17623,0
5354,0
16882,0
46,0
19831,0
11578,0
17525,0
8452,0
28477,0
16069,0
25642,0
17542,0
19637,0
17161,1
14752,0
28090,0
7790,0
14222,0
10509,0
397,0
13375,0
15311,0
28389,0
23834,0
243,0
5286,0
11973,0
12860,0
21107,0
24947,0
22895,0
23829,0
1278,1
11666,0
12135,0
26356,1
9353,0
11626,0
7918,0
16444,0
9544,0
5040,0
2858,0
17284,0
2566,0
1434,0
2153,0
24320,0
13974,0
9295,0
5729,0
22502,1
9194,0
7406,0
2034,0
2157,0
24293,0
27600,0
26192,0
27095,0
52,0
8393,0
25869,0
1660,0
8132,0
24263,0
3703,0
18573,0
23315,1
210,0
15565,0
20072,0
21507,1
12560,0
16906,0
8241,0
15589,0
12794,0
18111,0
501,0
7024,0
25056,0
14416,0
18399,0
28206,0
11773,0
4982,0
19329,0
11611,0
6419,0
25689,0
21945,0
20625,1
7198,1
19263,0
23556,0
9248,0
5427,0
8743,0
1457,0
27463,0
10193,0
3608,0
14811,0
11487,0
5218,0
28448,0
3386,0
14770,0
28700,0
25845,0
11443,0
23212,0
14667,0
11732,0
1923,0
18826,0
2819,0
2119,0
4372,0
20687,0
5379,0
13633,1
18962,1
3068,1
24623,0
12932,0
14793,0
24590,0
27659,0
674,0
4540,0
5211,0
11558,0
20031,0
4596,0
13111,1
12766,0
8856,0
25043,0
3798,0
25871,0
12531,0
20474,0
18382,1
27862,0
3256,0
22694,0
20948,0
10122,0
22411,0
4336,0
22367,0
14958,0
27443,0
27765,0
6552,0
22371,0
3578,0
11189,0
27911,0
24021,0
28705,0
24897,1
2947,0
4793,0
17300,0
11408,0
22731,0
23812,0
8094,0
14514,0
20267,0
21812,0
505,0
15292,0
28816,0
24820,0
20156,0
2851,0
6362,0
19511,0
12170,0
99,0
20365,0
12928,0
2907,0
5155,0
25967,0
28616,0
7757,0
26515,0
28037,0
28520,0
2856,0
24209,0
341,0
17875,0
4932,0
26822,0
8020,0
10324,0
3106,0
21069,0
21712,0
15606,0
15967,0
20940,0
19534,0
19590,0
3508,0
1339,0
26135,0
6350,0
16887,0
25591,0
11896,0
6250,0
23286,0
21084,0
1450,0
10229,0
20743,0
6835,0
7792,0
15139,0
28098,0
18009,0
3470,1
11276,0
18924,0
20123,0
4438,0
9246,0
4128,0
27264,0
10727,0
15506,0
2982,0
15361,0
26542,0
19189,0
21784,0
21756,0
6502,0
21917,0
7353,0
5980,0
25207,0
13788,0
4254,0
9375,0
12216,0
20033,0
4641,1
430,0
8840,0
14615,0
13582,0
26271,0
24888,0
17036,0
1053,0
24128,0
14699,0
14970,0
9427,0
2308,0
7923,0
12332,0
18918,0
10557,0
18837,0
3077,0
17123,0
25359,0
21034,0
27055,0
17684,0
3108,0
17299,0
12291,0
5252,0
17613,0
25862,0
10362,0
20487,0
13038,0
21978,0
12491,0
8487,0
5337,0
26113,0
10575,0
2676,0
6633,0
16187,0
8413,1
25722,0
980,0
23692,1
14782,0
26465,0
3639,0
26323,0
17283,0
6399,0
12457,0
17944,0
10146,0
8980,0
27138,0
22081,0
26368,0
16801,0
11719,1
19833,0
24415,0
5678,0
7542,0
17966,0
20368,0
274,0
13995,0
10056,0
18453,0
17324,0
25274,0
12111,1
13713,1
13023,0
13963,0
28143,0
25011,1
13835,0
15144,0
8223,0
13512,0
21458,0
12568,0
13561,0
15289,0
24930,0
25077,0
6504,0
2602,0
10325,0
20925,0
6826,0
21395,0
27835,0
24809,0
27919,0
657,0
17203,0
10244,0
27035,0
17469,0
13827,0
878,0
13126,0
19809,1
943,0
19771,0
22461,1
11655,0
22444,0
5183,0
1937,0
5135,0
4413,0
28080,0
21723,0
21944,0
8170,0
23684,0
21631,0
4034,0
573,0
7570,0
3058,0
12969,0
11606,0
24871,0
905,0
24739,0
24936,0
15277,0
15805,0
25734,0
17663,0
15279,0
27902,0
21263,0
19825,0
12800,0
5214,0
3488,0
9089,0
13724,0
5403,0
14875,0
2201,0
7469,0
14613,0
10318,0
21150,0
18079,0
23259,1
7706,1
22310,0
22099,0
15591,0
6435,0
11592,0
26129,0
6433,1
28577,0
8158,0
20264,0
15590,0
6138,0
23697,0
9138,0
23661,0
5227,0
2286,0
21109,0
19339,0
15392,0
6778,0
8279,1
10061,0
16076,0
11726,0
11794,0
1182,0
17744,0
872,0
21014,0
26503,0
25301,0
4832,0
23659,0
19436,0
20941,0
13889,0
23451,0
15440,0
4170,0
20076,0
1282,0
15797,0
22073,0
24890,1
24530,0
2867,1
24346,0
4520,0
2884,0
2772,0
4282,0
28581,0
8457,0
19479,0
8735,0
12708,0
23267,0
5647,0
19081,0
9607,1
16790,1
20255,0
18671,0
19952,0
26220,0
20751,0
8886,0
11941,0
22012,0
15877,0
28116,0
9936,0
18617,0
22220,0
24562,0
13742,0
3971,0
5384,0
17537,0
13211,0
10607,0
20520,0
6029,0
7503,0
8650,0
15104,0
12296,0
217,0
14137,0
17268,0
911,0
20556,0
26517,0
19007,0
23687,0
7510,0
288,0
28492,1
24473,0
20398,0
8037,0
121,0
1921,0
890,0
22913,0
16097,0
2043,0
26062,0
27065,0
21439,0
15335,0
18010,0
13619,0
19371,0
5100,0
23786,0
17880,0
10569,0
12505,0
24636,0
8377,0
14950,0
28215,0
23732,0
25539,0
20311,0
14664,0
18596,0
1791,1
13583,0
24585,0
12831,0
9614,0
18576,0
7955,1
8834,0
23504,0
14905,0
13208,0
23473,0
5746,1
28826,0
4125,0
25320,0
2583,0
7046,0
1035,0
9480,0
2647,0
22296,1
10329,0
14825,0
1412,0
15330,0
28164,0
14492,0
5225,0
4706,0
18903,0
28372,0
26169,0
26943,1
2958,0
15168,0
7104,0
20490,1
26273,0
22273,0
14417,0
3469,0
16419,0
9226,0
19865,0
25021,0
2664,0
16041,0
11804,0
18521,0
20974,0
13524,0
26042,0
8489,1
18572,0
4913,0
7579,0
20647,0
14071,0
7667,0
12594,0
18611,0
7937,1
13581,0
19478,0
8870,0
14918,0
4036,0
7656,0
5038,0
2061,0
18622,0
25830,0
24634,0
17271,0
18632,0
15535,0
11960,0
10867,0
26825,0
401,0
3829,0
10690,0
8214,0
16094,0
9463,0
22862,0
26567,0
11567,0
18872,0
2464,0
24580,0
16841,0
27256,0
16302,0
26000,0
27592,0
15159,0
18905,0
15866,0
22148,0
23157,0
26863,0
16717,0
23042,0
4771,0
24999,0
2767,0
11449,1
9334,0
5998,0
23293,0
4093,0
3725,0
17012,0
5787,0
7793,0
27557,0
447,0
25170,0
22670,0
10501,0
12584,0
27928,0
24921,0
4156,0
2281,0
8141,0
16909,1
22175,0
1302,0
19948,0
27840,0
11331,0
26443,0
323,0
20639,0
27450,0
1087,0
16582,0
27710,0
25553,0
8941,0
9897,0
11326,0
27199,0
12909,0
5775,0
17631,0
21952,0
3834,0
13432,0
9750,0
5160,0
16358,0
27038,0
13736,0
27581,0
2388,0
18866,0
28452,0
3525,0
2955,0
23054,0
10443,0
19688,0
11365,0
26793,0
9997,0
25049,0
25025,0
199,0
16520,0
19682,0
15509,0
24802,0
15626,0
16973,0
5081,0
1337,0
18014,1
22681,0
11532,1
10454,0
19924,0
9807,0
25964,0
27836,0
26337,1
27841,0
20480,0
9440,0
6503,1
27906,0
26030,0
25749,0
13544,0
10861,0
9073,0
16895,0
24252,0
762,0
4097,1
22084,0
3946,0
423,0
14655,0
5117,0
21973,0
1968,0
16739,0
11500,0
21437,0
4404,0
1441,0
17669,0
775,0
23535,0
14931,0
27761,0
8079,0
5712,0
11416,0
18281,0
9577,0
5259,0
27897,0
26818,0
1050,0
26183,0
15075,0
11603,0
21123,0
1512,0
15963,0
24715,0
2540,0
26539,0
25769,0
23571,0
3694,0
11790,0
16445,0
12733,0
4525,0
6442,0
18821,0
24772,0
10829,0
11617,0
1912,0
23351,0
18494,0
7850,0
12610,0
18930,0
27195,1
19545,0
12264,0
17215,1
7175,0
12980,1
27819,0
12375,0
13980,0
5711,0
24093,0
4738,0
13607,0
2140,0
22413,0
28753,0
16485,0
21866,0
12798,0
16073,0
7042,0
27529,0
10342,0
22825,0
10989,0
26682,0
5513,0
14183,0
9165,0
6983,1
23072,0
17639,0
18041,0
5657,0
20770,0
9293,0
18418,0
15336,0
9070,0
28137,0
2532,0
10709,0
4879,0
17689,0
24645,1
21656,1
6492,0
16137,0
27608,0
22381,1
15333,0
7731,0
18355,0
17080,0
10001,0
27893,0
2041,0
27562,0
11097,0
9926,0
19618,0
16918,0
3318,1
26163,0
5460,0
7416,0
26316,0
12223,0
10779,0
5115,0
17545,0
27093,0
25846,0
1837,0
12636,0
24474,0
19015,0
23592,0
14445,0
6460,1
15769,0
24404,0
23269,0
25261,0
13595,1
8478,0
26638,0
26177,0
6946,0
22121,0
18538,0
21455,0
13710,0
928,0
26130,0
18481,0
4678,0
13084,0
27746,0
26522,0
13876,0
15337,0
20403,0
27814,0
12032,0
25873,0
27036,0
24877,0
20233,0
10884,1
14906,0
19228,0
17754,0
6742,0
1448,0
6111,0
22750,0
22850,0
8819,0
24154,0
5414,0
2876,1
28337,0
11933,0
14458,0
13734,0
14147,0
22369,0
25345,0
34,0
10347,0
5720,0
27023,0
19787,0
9093,0
3707,1
15315,0
261,0
1710,0
19749,0
4080,0
4990,0
20249,0
24639,0
5780,0
15652,0
20516,0
24664,0
7767,0
11193,0
5535,0
15443,0
10205,0
2943,0
27115,0
26586,0
19341,0
10630,0
6657,0
6865,0
13674,0
790,0
11658,0
20586,0
22971,0
656,0
28185,0
6753,0
22629,0
3410,0
27660,0
23243,0
26997,0
13570,0
13413,0
6741,0
7247,0
13933,0
15869,0
15267,0
10011,0
17086,1
21405,0
14420,0
16856,0
13212,0
20991,0
14791,0
3498,0
8880,0
21251,0
1444,0
18683,0
474,0
9888,0
28326,0
21737,0
10610,0
27537,0
28562,0
4143,1
15582,1
10761,0
24236,0
26667,0
26132,0
20278,0
3595,0
12514,0
14050,1
25462,0
2718,0
6011,0
17491,0
26057,1
5393,0
17235,0
27876,0
7294,0
14976,0
11562,0
4739,0
21337,0
10944,0
1489,0
23628,0
24176,0
9928,0
12227,0
22373,1
21697,0
3858,0
13651,0
9048,0
14535,0
1366,0
17657,0
4203,0
25141,0
6010,1
28515,0
23768,0
25903,0
11677,0
24937,0
12051,0
25337,0
12353,0
6625,0
24289,0
12923,0
16339,0
13170,0
12741,0
5610,0
22871,0
14339,0
22597,0
28541,0
21916,0
9300,0
12784,0
22181,0
9485,0
28464,0
22743,0
4813,0
127,0
19707,0
873,0
25506,0
16107,0
19913,0
6455,0
16329,0
18605,0
2541,0
28486,0
7889,0
24337,0
14059,0
27387,0
22392,0
5982,0
23951,0
2744,0
12645,0
5201,0
15645,0
4715,0
13169,0
10505,1
8200,0
22989,0
4985,0
7828,1
19529,0
24830,0
28610,0
17236,0
12335,0
15911,0
12493,0
7428,0
9698,0
536,0
16751,0
20472,0
21035,0
25961,0
3268,0
17603,0
2868,0
6950,0
8021,0
21865,1
22580,0
5533,0
24313,0
23232,0
22568,0
15304,0
4449,0
5514,0
4416,0
14707,0
27324,0
8265,0
3027,0
17512,0
23389,0
4845,0
14881,0
7395,0
4351,0
21429,0
24694,0
9347,0
4689,0
6224,0
9099,0
7178,0
14100,0
19161,0
12526,0
21257,0
16481,0
27336,1
16449,0
11895,0
8688,0
11029,0
23357,0
971,0
1453,0
880,0
13693,0
10389,0
12423,1
12532,0
19995,0
10791,0
21539,0
28695,0
5282,0
5749,0
12250,0
24850,0
3876,0
21465,0
14406,0
1741,0
10333,0
18964,0
18303,0
28523,0
22179,0
6293,0
13108,0
5284,0
20513,0
21946,1
12378,0
1723,0
14152,1
15684,0
13789,0
10899,0
4785,0
6788,0
23637,0
13847,0
8879,0
23883,0
22728,0
2275,0
23949,0
25315,0
16817,0
12890,0
18729,0
9098,0
21055,0
27014,1
20771,1
13912,0
21741,0
12617,0
13572,0
10023,0
2171,0
17035,0
28272,0
1994,0
10429,0
18535,0
14092,0
485,0
20676,0
11852,0
26714,0
13106,1
16941,1
6494,0
14155,0
13576,0
6187,0
28211,0
8797,0
12776,0
17383,0
2276,0
15808,0
26703,0
8023,0
11670,0
17227,0
7138,0
27229,0
26768,0
2622,0
12876,0
2457,0
20440,0
10606,0
4952,0
23572,0
9061,0
20689,0
24353,0
291,0
18813,0
8034,0
14471,0
4347,0
20390,0
8670,0
12244,0
27974,0
4186,0
5474,0
1765,0
9722,1
24120,0
13676,0
12290,1
28481,0
13134,0
12339,0
8442,0
11389,0
7974,0
22798,0
6725,0
14880,0
6750,0
19287,0
19565,0
22395,0
23961,0
12585,0
21294,0
16202,0
7303,1
26831,0
20053,0
18871,0
20494,0
5843,0
23417,0
23118,0
9006,0
21931,1
18363,0
25130,0
20831,0
24465,0
16893,0
7326,0
9707,0
640,0
2507,0
21392,0
12710,0
26841,1
5221,1
20272,0
23945,0
15680,0
11838,1
953,1
2950,0
8602,0
11997,0
27656,0
19568,0
12859,1
19499,0
13154,0
6635,0
15725,0
2310,0
7745,0
21742,0
10952,0
22610,1
13369,0
13166,0
17062,0
3441,0
1202,0
4749,0
480,0
11833,0
11490,0
13049,0
19586,0
4457,0
1322,0
4285,0
9509,0
2496,0
13202,1
27854,0
20145,0
11325,0
12586,0
11453,0
20514,0
8470,1
23955,0
12785,0
927,0
6890,0
22621,0
25378,0
11008,0
18727,0
14583,0
4688,0
25536,0
2898,0
27041,0
25577,0
28590,0
13624,0
11201,0
2221,0
21159,0
14094,0
22170,0
10272,0
9558,0
11489,0
20814,0
15718,0
512,0
20522,0
13559,0
25433,0
4639,0
17710,0
3169,0
24194,0
5971,0
27515,0
23359,0
1456,0
18109,0
11844,0
15980,0
16719,0
13238,0
25508,0
10305,0
27899,0
4699,0
8072,0
27012,0
10099,0
14947,0
10408,0
10814,0
11409,0
18902,0
25833,0
230,0
10392,0
22163,0
10768,0
15109,0
8629,0
17388,0
12154,0
17797,0
21836,0
19455,0
12547,0
14412,0
14529,0
1553,1
3383,0
28186,0
27658,0
26551,0
23734,0
17541,0
5425,0
7609,0
21365,0
15041,0
18387,0
2848,0
20729,0
1901,0
14809,0
25667,0
1336,0
20903,0
10676,0
17041,0
16362,0
1470,0
27072,0
3189,0
3286,0
19168,0
1642,0
12681,0
4455,0
22766,0
3698,0
15172,0
8454,0
11758,0
13938,0
11072,0
11860,0
15642,0
21369,0
24017,0
12347,0
2133,0
24647,0
8895,0
16813,1
24456,0
10902,0
1215,0
24037,0
14717,0
9069,0
14432,1
20526,0
8845,0
22236,0
16176,0
12064,0
1715,0
11259,0
3473,0
20735,0
4229,1
22209,0
8908,0
14028,0
8810,0
9358,0
25529,0
6325,0
18358,0
11642,0
9391,0
1889,0
19186,0
13160,0
18659,0
14004,0
9659,0
27673,0
6842,1
27938,0
11782,0
24380,0
3482,0
14759,0
10019,0
17777,0
936,0
6014,1
13352,0
14248,0
752,0
13297,0
15191,0
7685,0
16384,0
22987,0
13630,0
22150,0
5638,0
17510,0
25586,0
14542,0
9209,0
14331,0
24783,0
17418,0
11070,0
5505,0
6527,0
20050,0
6151,0
27395,1
9134,0
9532,0
7047,0
23703,0
25491,0
2903,0
27238,0
16889,0
19231,0
11052,0
12407,0
11337,0
6576,1
1045,0
15724,0
27727,0
9296,0
20828,0
22066,1
4707,0
6602,0
3474,0
10240,0
16730,0
23632,0
4844,0
5627,0
23488,0
25448,0
24787,0
22247,0
10105,0
13506,0
15303,0
13302,0
28405,0
24026,0
16613,0
3050,0
24265,0
26011,0
8281,0
19854,0
7346,0
7613,0
19588,0
26607,0
10500,0
7004,0
7949,0
12322,0
7223,0
28743,0
13520,0
12670,0
27639,0
23027,1
27662,0
23770,0
18479,0
1947,0
8137,1
532,0
9464,0
22286,0
23156,0
3100,0
19774,0
24784,0
22505,0
14556,0
21966,0
1959,0
23375,0
28410,0
24405,0
5317,0
3210,0
3160,0
14994,0
22969,0
23153,0
23318,0
22879,0
4584,0
10992,0
1113,0
35,0
1730,1
14165,0
1471,0
21773,0
18836,0
21367,0
21332,0
1422,0
8344,0
4756,0
16604,0
2055,1
2797,0
15059,0
8196,0
27329,0
10084,0
6814,0
9585,0
13692,0
27599,0
1635,0
3242,0
22782,0
14787,0
4003,0
23101,0
11134,0
21810,0
19656,0
26565,0
6711,0
382,0
20791,1
13486,0
3425,0
22154,0
7969,0
19082,0
23583,0
9072,0
12630,0
14937,0
12840,0
25524,0
2009,1
26521,0
23818,0
12701,0
21854,0
21394,0
24794,0
28565,0
20042,0
23903,0
3115,0
4408,0
21234,0
718,0
7976,0
17925,0
13848,0
2404,0
23368,0
26851,0
27078,0
12745,0
4950,1
11923,0
19444,0
17218,0
3735,0
26300,0
6377,0
2408,0
20803,0
2142,0
12361,0
18937,0
15846,0
6904,0
12011,0
20198,0
10090,0
18637,0
11021,1
3840,0
26331,0
18107,0
24392,1
3939,1
15865,0
21127,1
25782,0
15280,0
11178,0
14386,0
28421,0
25489,0
6319,0
7495,0
5094,0
13601,0
26782,0
22979,0
5963,0
7534,0
6379,0
14560,0
23716,0
28658,0
27497,0
1666,0
22638,0
28739,0
25248,0
19653,0
20957,0
21809,0
17890,0
993,0
3193,0
3662,0
15162,0
5391,0
2805,0
24095,0
13205,0
10398,0
12827,0
802,1
16204,0
9598,0
17997,0
14206,0
13534,0
3507,0
28313,0
11251,0
25346,0
25408,0
3673,0
19704,0
7474,1
26315,0
6290,0
21242,0
7553,0
736,0
10781,0
27060,0
283,0
14189,0
25239,0
2250,0
2259,0
9913,0
12637,0
19860,0
7071,0
12711,0
26088,0
25953,0
16196,0
13906,0
4104,0
22946,0
15602,0
21648,0
12756,0
6480,0
25217,1
16515,0
15364,0
9397,0
15832,0
2929,0
1805,0
17225,0
14653,0
2316,0
19514,0
14702,0
16592,0
4977,0
13649,0
6948,0
14093,0
14285,0
2084,0
8374,0
26800,0
16045,0
10512,0
5844,0
27493,0
21046,0
8617,0
20139,0
14654,0
24344,0
21412,0
23613,0
26090,0
16603,0
16265,0
14363,0
5453,0
5929,0
10321,0
5662,0
12440,0
7033,0
24944,0
25576,0
26341,0
11333,0
19537,0
13458,0
5500,0
21618,1
19919,1
11307,0
8538,0
14465,0
27787,0
5437,1
26965,0
18346,0
23780,0
11570,0
12477,0
23350,0
16128,0
12695,0
3843,0
1179,0
9198,0
25601,0
9995,0
14008,0
14438,0
25283,0
4058,0
13332,0
20927,0
19188,0
16201,0
16785,0
2932,0
18042,0
23310,0
1121,0
12217,1
25147,0
7125,0
959,0
2362,0
15811,0
12643,0
6676,0
20478,0
27137,0
9212,0
20122,0
21189,0
5312,1
7898,0
4513,0
28022,0
8124,0
16026,0
25847,0
4320,0
20967,0
21743,0
6628,0
25133,0
18208,0
6529,0
9739,0
10299,0
21755,0
1163,0
1175,0
8242,0
2974,0
3229,0
11056,0
22125,0
24424,0
8151,0
2277,0
14335,0
9055,0
20284,0
25971,0
21244,0
14354,0
6803,0
22784,0
147,0
20370,0
9946,0
26429,0
17531,0
25123,1
11771,0
43,0
25579,0
3402,0
26246,0
23463,0
26372,0
6868,0
10739,0
7445,1
19441,0
23080,0
5771,0
25684,0
4974,0
27219,0
6682,0
17707,0
10507,0
20052,0
6332,0
18791,0
6164,0
18526,0
17906,0
24467,0
27566,0
4479,0
14205,0
22627,0
5382,0
2694,0
996,0
7908,0
24437,0
16303,1
10852,0
13625,0
17217,0
25488,0
3752,0
22972,0
10189,0
7886,0
7477,0
14619,0
7600,0
18250,0
25562,0
2445,0
21334,0
15756,0
28300,0
6663,0
6087,0
15415,0
13966,0
11710,0
896,0
11402,0
22217,0
17409,0
19632,0
12085,0
27722,0
20409,0
4730,0
7427,0
24790,0
12904,0
9201,0
27628,0
7732,0
14314,0
1818,0
18484,0
14344,0
15035,0
22725,0
17220,0
22578,1
21794,0
17656,0
4448,0
15541,0
13423,0
8726,0
5456,0
21464,1
9826,0
3745,0
17219,0
18536,0
21053,0
8828,0
5553,0
27695,0
9279,0
22496,0
15490,0
21881,0
538,0
10824,0
24678,0
5731,0
12838,0
7936,0
13800,1
16794,0
23845,0
26770,0
1323,0
22849,1
2885,0
19659,0
7152,1
17117,1
7375,0
26695,0
4894,0
19504,0
4339,0
23018,0
6244,0
3780,0
13627,0
28531,0
27037,0
4405,0
21304,0
20397,0
7891,0
7348,0
503,0
23840,0
27154,0
15178,0
8278,0
8500,0
24216,0
23750,0
17535,0
16153,1
7420,0
26645,0
8957,0
3901,0
21099,0
7884,0
18583,0
6580,0
12094,0
23346,0
8051,0
14578,0
3096,0
5365,0
7811,0
25259,0
20921,0
23670,0
14279,0
12848,0
15491,0
11342,0
26650,0
13977,0
27233,0
26764,0
6427,0
15783,0
4850,0
10741,0
27754,0
11206,0
15598,0
18798,0
26840,0
7672,0
21009,0
4047,0
28226,0
1530,0
20734,0
26296,0
15662,0
21456,0
25645,0
5138,0
3329,0
16561,0
8466,0
1962,0
26814,0
27664,0
8634,0
8665,0
27476,0
15554,0
21739,0
23475,0
26947,0
6483,0
6706,0
20218,0
7007,1
3284,0
13735,0
24146,0
8505,0
10525,0
23479,0
10459,0
12971,0
24007,0
28146,0
1183,0
20101,0
10424,0
17361,0
19525,0
19366,1
3706,0
15107,0
11623,0
11216,0
18662,0
1347,0
24943,0
24633,0
17001,0
13940,0
25660,0
1834,0
23453,0
28289,0
13658,0
23224,0
21529,0
23791,0
14115,0
6758,1
28214,0
19538,0
26864,0
4989,0
15402,0
3382,0
20465,0
28221,0
26945,0
25806,0
21114,0
23929,0
19372,0
13298,0
150,0
16670,0
24707,0
23074,0
3813,0
22593,0
19961,0
23271,0
10549,0
28154,1
21382,0
22759,0
1690,0
8332,0
25190,0
4168,0
26225,1
9676,0
28632,0
8005,0
28132,0
25435,0
11105,0
6550,0
4375,0
23405,0
6815,0
17507,0
21231,0
13309,0
3635,0
8161,0
7364,0
24692,0
20404,0
17489,0
6914,0
27688,0
11799,0
26964,0
2635,0
12430,0
19548,0
23305,0
21713,0
16124,0
26229,0
9322,0
13685,0
18327,0
26041,0
4580,0
18315,0
6562,0
6528,0
14470,0
28542,0
8993,0
18447,0
8188,0
28622,0
12624,0
25203,0
26860,1
23290,0
6025,0
19602,0
6745,0
8704,0
25349,0
18896,0
21145,0
2980,0
9880,0
1915,1
11253,0
20387,0
19284,0
1664,0
21681,0
18718,0
12788,0
6134,0
7743,0
2266,0
18878,0
21206,0
11808,0
26455,0
15687,0
7691,0
3316,0
20750,0
19516,0
6498,0
3931,0
9606,0
13887,0
11355,0
2949,0
2595,0
13818,0
16614,0
22026,0
23842,0
7497,0
22466,0
3922,0
12389,0
15182,0
2726,0
24457,0
1603,0
22660,0
5157,0
2214,0
12642,0
21317,0
11526,0
23396,0
19419,0
15759,0
21250,0
11018,0
16784,0
26243,0
14585,0
9331,0
2533,0
8398,0
14129,0
8482,0
14315,0
28340,0
3592,0
9242,0
12959,1
13885,0
7952,0
18113,1
13282,0
2588,0
12704,0
7251,0
21460,0
26012,0
25527,0
14323,0
6934,0
22659,0
13646,0
13078,0
4084,0
26587,0
23022,0
3874,0
19442,0
26485,0
3014,0
7552,0
18638,0
1133,0
25719,0
7747,0
12113,0
2592,0
25466,0
12451,0
5449,0
16775,0
22885,0
2300,0
4160,1
12837,0
17652,0
4322,0
24602,0
4148,0
10562,0
2004,0
18034,0
16771,0
23123,1
25651,0
12259,1
13981,0
6424,0
13816,0
2501,0
6551,0
18044,0
19447,0
1729,0
20345,0
9760,0
1981,0
8643,0
21654,0
23075,0
22684,0
13791,0
28075,0
27416,0
167,0
10968,1
10241,0
14454,0
22306,0
5128,1
12104,0
1644,0
19775,1
13366,0
2414,0
17057,0
7505,0
12650,0
26176,0
15922,0
13764,1
9356,0
8054,0
367,0
2760,0
27525,0
18829,0
18531,0
22682,0
247,0
9904,1
7228,0
22326,1
4450,0
11942,0
4843,0
10421,1
25786,0
23349,0
487,0
3923,0
16185,0
14509,0
10285,0
13522,0
20071,0
9958,0
5053,0
21000,0
9538,0
9298,0
3579,0
20523,0
4745,0
1063,0
19043,0
21036,1
17306,0
2754,0
24196,0
8676,0
22041,0
21982,0
15212,0
27535,0
1114,0
25323,0
24454,0
14991,0
24482,0
16159,0
2813,0
20082,0
19764,0
3776,0
3001,0
6604,0
1731,0
10359,0
18598,0
5222,0
20945,0
450,0
28715,0
14727,0
3806,0
1662,1
25101,0
1078,0
4867,0
6204,0
22753,1
27585,1
4246,1
4659,0
24199,0
21762,0
4672,0
10506,0
26401,0
11752,0
6612,1
6919,0
7948,0
16650,0
12010,0
28702,0
18426,0
22590,1
24914,0
16441,0
4645,0
15714,0
23182,0
26610,0
18907,0
4560,0
3197,0
23540,0
11191,0
8846,0
16551,0
4742,0
25639,0
14275,0
17074,0
26788,0
14884,1
12774,0
315,0
6620,0
15486,0
11020,0
19709,0
11868,0
24583,0
10439,0
1371,0
9620,0
19382,0
1106,0
2714,0
15538,0
280,0
19031,0
14359,0
27565,0
979,0
26355,0
1414,0
8193,0
28651,0
624,1
20615,0
10598,0
6779,0
15575,0
4783,0
10219,0
19992,0
8768,0
10376,0
10914,0
22155,0
20898,1
1086,0
27839,0
14980,0
28589,0
10733,1
19308,0
8229,0
9103,0
22006,0
2683,0
14867,0
5339,0
20675,0
26483,0
20910,0
3031,0
4296,0
21535,1
6188,0
5572,0
14632,0
10820,0
13310,0
21720,0
6830,0
7912,0
25612,0
2145,0
23753,0
14401,0
25293,0
738,0
28689,0
19219,0
22821,0
19699,0
24438,0
1056,0
4814,0
13063,0
19876,0
1311,0
7191,0
664,0
26656,0
4788,0
23077,0
9976,0
16962,1
22565,0
25356,0
19489,0
16024,0
15543,1
5102,0
3047,0
6887,0
16315,0
9056,1
25437,0
22935,0
6453,0
16786,0
2639,0
18543,0
11448,0
10790,0
10978,0
8099,0
18357,0
15940,0
24124,0
6245,0
20535,0
13916,0
3035,0
601,0
5925,0
21219,0
7525,0
12125,0
28051,0
24738,0
3184,1
23972,0
11282,0
13494,0
26148,0
409,0
26654,0
3660,0
5148,0
8832,0
3350,0
17234,0
17427,0
25582,0
24915,1
25960,0
14121,0
11581,0
17476,0
12519,0
8180,0
3585,0
21611,0
24882,0
2960,1
8403,0
16030,0
4969,0
18788,0
2213,1
6072,1
8729,0
4602,0
11504,0
14575,0
26369,0
3396,0
221,0
6355,0
28228,0
18349,0
18747,0
10819,0
5864,0
5880,0
5325,1
18090,0
4419,0
26189,0
14146,0
380,0
14421,0
4685,0
21449,0
26830,0
21496,0
19862,0
12421,0
22551,0
19005,0
22729,0
1822,0
26332,0
24131,0
5676,0
10777,0
12307,0
20289,0
2152,0
21482,0
4484,0
330,0
607,0
8248,0
22599,0
17614,0
25125,0
16852,0
27967,0
3589,0
22389,0
19062,0
22448,0
24512,0
21163,0
22506,1
26810,0
6186,0
9857,0
23068,0
26461,0
10257,0
10356,1
23830,0
25146,0
6538,0
18329,0
13066,0
19857,0
22229,0
5561,1
3421,0
28152,0
21905,0
28504,1
9570,1
6482,0
26578,0
22468,0
7721,0
17783,0
21444,0
24228,0
8058,0
22385,0
12276,0
11897,0
19553,0
21302,0
15807,0
21570,0
4070,0
5174,0
12167,0
27347,0
24166,0
3222,0
26334,0
20194,0
6070,0
13474,0
13086,0
7217,0
4884,0
5742,0
19666,0
27887,0
22134,0
15039,0
13129,0
19040,1
17075,0
231,0
8274,0
23130,0
14773,0
28338,0
3272,0
6281,0
15192,0
9761,0
24686,1
4178,0
28779,0
4471,0
6797,1
20489,0
15766,1
9547,0
4273,0
17135,0
27208,0
75,0
25814,0
9213,1
15648,0
1108,0
23126,0
2209,0
5940,1
27553,0
16139,0
715,0
748,0
18561,0
22926,0
28782,0
25761,1
13530,0
20682,0
16323,0
2227,0
12895,0
6395,0
5545,0
22088,0
7241,0
2359,0
1599,0
26537,0
21846,0
476,0
9263,0
11915,0
18828,0
9898,0
26968,0
7481,0
17852,0
7690,0
8807,0
14736,1
259,0
26829,1
19635,0
23915,0
23422,0
5640,0
15230,0
16894,0
14568,0
19577,0
22648,0
4115,0
16089,0
3537,0
12783,0
2764,0
7301,0
3064,0
22142,1
16104,0
22657,0
6547,0
13497,0
28546,1
25981,0
2701,0
2585,0
15521,0
24528,0
1147,0
346,0
15737,0
5548,0
3916,0
25762,0
26072,0
14034,0
27615,0
25989,0
8030,0
10462,0
24954,0
24189,0
11242,0
10309,0
24718,0
21419,0
1387,0
6400,0
8362,0
20248,0
28049,0
12129,0
14582,0
963,0
11305,0
2619,0
15731,0
21589,0
16286,0
10721,0
14724,0
1796,0
22076,0
9373,0
20305,0
14579,0
9442,0
26958,0
20787,0
6418,0
16439,0
13249,0
25204,0
19163,0
19698,0
2617,0
17735,0
3792,0
26152,0
26976,1
8336,0
4252,0
4546,0
7786,1
18367,0
10624,0
2222,0
5915,0
28065,0
2762,0
27310,0
26350,0
2740,0
24180,0
12518,0
1346,0
17329,0
23879,1
821,0
20065,0
28042,0
21048,0
22770,0
2117,0
26043,0
13610,0
18612,0
14216,0
4165,0
16398,0
27221,0
15977,0
26065,0
8658,0
15410,0
4991,0
4817,0
23651,0
12609,0
8292,0
12922,0
7733,0
14480,0
2864,0
13217,0
9971,0
27498,0
23304,0
4461,0
23480,0
23139,0
19495,0
14095,0
4900,0
27744,0
14078,0
21666,0
19980,0
2350,0
7763,0
14061,1
9266,0
14533,1
28401,0
5883,1
8786,0
2842,0
12461,0
1118,0
11444,0
2973,0
1411,0
5114,0
14580,0
28198,1
16245,0
20437,0
9507,0
18513,0
8622,0
2386,0
20112,0
3308,0
7663,0
8570,0
5388,0
3002,0
14006,0
21738,0
14819,0
734,0
15526,0
28015,0
144,0
22437,0
19432,0
7131,1
18808,0
25732,0
2564,0
3643,0
4344,1
21033,0
15516,0
14023,0
27167,1
6896,0
17595,1
2715,0
22004,1
11506,0
9068,0
16665,0
24576,0
11919,0
12049,0
25569,1
7267,0
26548,0
23626,0
7930,0
19472,0
15094,0
11988,0
17149,0
11175,0
4343,0
2229,0
16796,0
7438,0
24215,0
10138,0
24764,0
5679,0
16047,0
21750,0
12628,0
10904,0
24493,0
24341,0
24054,0
17092,0
4480,1
4519,0
1580,0
10809,0
3580,0
25465,0
1911,0
11807,0
91,0
5383,0
1510,0
188,0
23205,0
8863,0
23316,0
26394,0
649,0
10387,0
20161,0
17662,0
10369,0
321,0
4744,0
9043,0
4794,0
20763,0
5621,0
644,0
4181,0
23189,1
14002,0
24338,0
20230,0
13213,0
5532,0
194,0
9870,0
2830,0
28250,0
17694,0
22956,0
23843,0
21987,0
28365,0
6223,0
2516,0
26207,0
19500,0
6522,0
756,0
6239,0
27832,0
9214,0
23565,0
1747,0
24527,0
17572,0
1052,0
22880,0
2444,0
10194,1
16680,0
10977,1
21075,0
25627,0
26436,0
13553,0
11304,0
15171,0
22453,0
11913,0
25366,0
10018,0
7212,0
12308,0
21408,0
5226,0
11974,0
21532,0
3753,0
9841,0
25198,0
17828,0
5804,1
1808,1
9129,0
4303,0
15801,0
6757,0
16688,0
22676,0
10772,0
25088,0
11264,0
26605,0
22109,0
2937,0
25233,0
24725,0
18648,0
4579,0
28623,0
23871,0
23033,1
6892,0
7555,0
25779,0
27956,0
14510,1
27147,0
22549,0
9250,0
21843,0
24371,0
22188,0
14802,0
16454,0
27984,0
27542,0
26626,0
18623,0
17363,0
9434,0
8375,1
10012,0
23962,0
20667,0
13862,0
5304,0
4702,1
14767,0
18751,0
11890,0
19353,0
28566,0
9529,0
27657,0
21825,0
14874,0
3082,0
16042,0
13982,0
25266,0
16711,0
23859,0
17,0
21673,0
18478,0
20217,0
10124,0
7779,0
22537,0
17362,0
2435,0
16899,0
18114,0
7070,0
15241,0
1493,0
2008,0
21838,0
4469,0
27747,0
21010,0
22691,0
9737,0
21696,1
28203,0
15142,0
24501,0
1801,0
9579,0
12795,0
15695,0
27371,0
24478,0
10311,0
27678,0
28285,0
1303,0
16240,0
21491,0
9812,0
14862,0
2734,0
23517,0
7882,0
10337,0
26910,0
26723,0
14198,0
14814,0
5210,0
2195,0
19822,0
1703,0
17390,0
1290,0
16745,0
13972,0
6438,0
26780,0
25354,0
26253,0
20099,0
12036,0
13424,0
7417,0
6703,0
396,0
5006,0
9003,0
26380,0
21851,0
17645,0
23933,0
4110,0
28373,0
12311,0
12189,0
11203,0
1595,0
6712,0
8184,0
24761,1
13618,0
16810,0
12315,0
9681,0
11146,1
24920,1
9273,1
21745,0
10203,0
27934,0
6726,0
21590,0
482,0
18176,0
18012,1
27790,0
25977,0
23885,0
15053,0
6508,0
10430,0
22406,0
15331,0
16858,0
27698,0
12359,0
23471,0
2232,0
16649,0
21459,0
10981,0
17319,0
2784,0
10013,1
11274,0
3581,0
16747,0
12761,0
6662,0
2319,0
21101,0
26541,0
17108,0
19012,0
24086,0
22644,0
6366,0
5215,0
26868,0
28763,0
15691,0
7397,0
15828,0
20369,0
9350,0
26865,0
4915,0
19726,0
3399,0
11327,0
3919,0
24201,0
3214,0
23426,0
24684,0
10671,0
8091,1
28086,0
11376,1
6128,0
24006,0
3181,0
3757,0
27275,0
11765,0
10586,0
10911,0
6933,0
12753,0
8459,0
24135,0
5841,0
3616,0
18182,0
3541,0
16758,0
1743,0
9202,1
8815,0
1675,0
20701,0
119,0
7255,1
12858,0
4119,0
5343,0
22538,0
3986,1
4569,0
12825,0
10339,0
11031,0
12027,1
28327,0
7826,0
19882,0
6880,0
3142,0
23671,0
26880,0
520,0
385,0
8282,0
12181,0
8610,0
13548,0
12964,0
2449,0
21211,0
12214,0
438,0
21190,0
7090,0
168,0
24656,0
3978,0
17037,0
19059,0
9407,0
3609,0
16671,0
5671,0
13441,0
8025,0
681,0
11660,0
6235,0
8040,0
26376,0
2135,1
5220,0
20794,0
26026,0
5035,0
22942,0
459,0
8868,0
21892,0
4371,0
18728,0
19566,0
18007,0
14405,0
27388,0
27237,0
1201,0
22579,0
24277,0
12143,0
7780,0
26007,0
2662,0
23035,0
1978,0
7755,1
5658,0
26335,0
16161,0
22407,1
15294,0
24235,0
21796,1
6744,0
28667,1
16948,0
1940,0
16823,0
2528,0
2420,0
7306,1
14798,0
4106,0
16658,0
10980,0
28225,0
20140,1
17471,0
4605,0
4194,1
1075,0
13514,0
24223,1
5598,0
17919,0
1397,0
7703,0
18507,0
11462,0
18215,0
13377,0
24683,0
16283,0
10202,0
23214,0
16442,0
19271,0
2020,0
23292,0
14064,0
23436,0
13449,0
12230,0
28344,0
11928,0
16007,0
5589,0
8304,0
25439,0
13420,0
8048,0
24060,0
21217,0
5705,0
11224,1
17688,0
20777,0
24710,0
17394,0
28459,0
14442,0
19796,0
22769,0
14223,0
11712,0
14592,0
4085,0
11313,0
10959,0
4293,1
21514,0
7293,0
4223,0
22816,0
23056,0
18314,0
16511,0
5405,0
25331,0
15296,0
11568,0
4068,0
23547,0
17597,0
964,0
10718,0
5511,0
16693,0
20614,0
22287,0
20152,0
24743,0
25445,0
19673,0
22262,0
6535,0
8891,0
9931,0
2173,0
10600,0
20518,0
16833,0
10042,0
23759,0
24435,0
6067,0
16134,0
22315,0
24838,0
28557,0
3438,0
103,1
15483,0
28498,0
4211,0
17781,0
14351,0
21475,0
828,0
23682,0
28379,0
17466,0
22908,0
13150,0
28558,0
7486,0
24066,0
2434,0
23598,0
25999,0
21547,0
6760,0
10836,0
28508,0
8443,0
23701,0
10752,0
3366,0
6392,0
18819,0
12587,0
13294,0
16938,0
24229,1
26377,1
15607,0
18094,0
14930,0
22805,0
11127,0
26872,0
4202,0
10812,0
23785,0
7304,0
25165,0
20044,0
7784,0
13976,0
15199,0
7168,0
9403,0
19713,0
14913,0
22517,0
19788,0
27090,0
2225,0
7753,0
21990,0
16392,1
8647,0
21609,0
13855,0
25768,1
24141,0
26535,0
10670,0
25151,0
7339,0
11869,0
24127,0
25114,0
9629,0
19048,0
4043,1
8492,0
23085,0
8227,0
25618,0
26866,0
478,0
23149,0
3461,0
5048,0
9811,0
25383,0
27022,0
18511,0
25076,0
5910,0
15975,0
19249,0
647,0
970,0
4258,0
25028,0
10192,0
24377,0
19417,0
12017,0
25796,0
20613,0
12246,1
1009,0
7751,0
28348,0
4306,0
4015,0
4101,0
8047,0
24162,0
27757,0
3226,0
326,1
11403,0
8873,0
8827,0
23530,0
14204,0
25824,0
11057,0
19084,0
2194,1
26779,0
15694,0
18417,0
7502,0
20210,0
26712,0
19912,0
19355,0
13613,0
22347,0
24273,1
10863,0
11591,1
20378,1
11940,0
12960,0
15071,0
14722,0
24788,0
23800,0
12376,0
2748,0
12313,0
24751,0
10880,0
5034,0
1006,0
6258,0
18932,0
3942,0
25772,0
9986,0
21461,0
27315,0
18177,0
28768,0
22604,0
27770,0
15816,0
25566,1
134,0
9124,0
17116,0
25578,0
11943,0
3351,0
13398,0
3200,0
12680,0
7640,0
18797,0
11418,0
9564,0
13102,1
19066,0
8525,0
26285,0
20747,0
10418,0
316,0
146,0
22062,0
14015,0
20391,0
5556,0
17780,0
23564,0
5260,0
13293,0
8936,0
21718,0
9125,0
8648,0
819,0
4463,0
9478,0
9317,0
3486,0
10030,0
24991,1
10826,0
17410,0
26844,0
6178,0
3111,0
7554,0
9574,0
17305,0
27097,0
13104,0
18087,0
2495,0
26106,0
7305,0
25194,0
5975,0
2505,0
20433,0
23925,0
26016,1
9051,0
14891,1
22848,0
4955,0
12548,0
24321,0
20717,0
19125,0
10917,0
26424,0
13722,0
1011,0
14739,0
21326,0
13103,0
27360,0
1034,0
24592,0
2270,0
696,0
10365,0
3704,0
11086,0
22889,1
18192,1
21858,0
11817,0
24769,0
2790,0
15318,0
3305,0
5953,0
26324,0
12659,0
11766,0
14657,0
27033,0
24343,0
7315,0
28061,0
27543,0
1888,0
12799,0
13360,0
13387,0
26228,0
19967,0
12717,0
1413,0
15220,0
7405,0
19075,0
4684,1
4981,0
20166,0
3623,0
18585,0
6672,1
24814,0
5068,0
180,0
6328,1
11288,1
23633,0
469,0
5979,0
2166,0
1027,0
10316,1
16429,0
1423,0
28036,0
17968,0
21024,0
28396,0
13416,0
9254,0
8144,0
9849,0
7049,0
26387,0
1192,0
14170,0
16247,0
4157,0
2559,0
9161,0
7172,0
12284,0
9000,0
3734,1
25703,0
6918,0
19706,0
18843,0
3860,0
28029,0
26033,0
18655,0
2604,0
27501,0
13728,0
1297,0
13955,0
26561,0
635,0
17672,0
17048,0
20155,0
11037,0
28491,0
20034,0
23158,0
10235,0
4859,0
13267,0
9568,0
11215,0
20723,0
27933,0
27131,0
11848,0
8900,0
21424,0
4059,0
25883,1
14826,0
22485,0
15673,0
11511,0
10901,0
13815,0
26312,1
29,0
25216,0
14789,0
22519,0
6216,0
15232,0
3362,0
14370,0
11778,1
27267,0
3668,0
10495,0
4345,0
2644,0
28594,0
1869,0
20073,0
960,0
984,0
23500,0
6730,0
26490,0
23337,0
26347,0
23706,0
21579,0
25149,0
26127,0
17986,0
7799,1
20274,1
23515,0
4387,0
22776,0
13768,0
22460,0
2981,0
3202,1
8156,0
7840,0
1259,0
24902,0
27863,0
6165,0
8696,0
26986,0
7602,0
11150,0
17591,0
4057,0
6198,0
14041,0
27337,0
17804,0
24952,0
7095,0
14160,0
7907,0
23251,0
21844,0
7298,0
10577,0
28641,0
1429,0
22067,1
21549,0
10276,0
13244,0
3502,0
19750,0
1563,0
27091,0
4400,0
7449,0
6035,1
21680,1
17817,0
23468,0
6214,0
26987,0
1611,0
25381,0
14505,0
6561,0
17426,0
5436,1
14847,0
22146,0
27661,0
25930,0
11547,0
13698,0
1514,0
26833,0
27783,0
7922,0
7573,0
139,0
28391,0
13723,0
7932,0
26110,0
8960,0
2254,0
11275,0
8447,0
28279,0
6478,0
23748,0
11968,0
7388,0
18602,0
3418,0
7012,0
17381,1
7558,0
23327,0
12066,1
4824,0
3686,0
22493,0
16647,0
9418,0
21920,0
2290,0
4472,0
24806,0
23048,0
21688,0
20035,0
26287,0
21511,0
4153,0
16792,0
208,0
28469,0
7249,0
27625,0
27063,0
2605,0
21875,0
2587,1
14795,0
15221,0
11756,0
14938,0
10714,0
13838,0
21594,0
23721,0
12240,0
2870,0
8757,0
19279,0
19648,0
11450,0
12883,0
27157,0
2905,0
13442,0
2702,0
13626,0
22402,0
13950,0
2351,0
20296,0
26291,0
25400,0
1751,0
2299,0
25966,0
5199,0
6531,0
21543,1
7221,0
16183,0
23604,0
1640,1
12401,0
25438,0
28431,0
2492,0
8029,0
5732,0
18206,0
22050,0
19872,0
6404,0
17367,0
25451,0
9520,0
9517,0
27679,0
23526,0
15031,0
14660,0
19202,0
5032,0
14384,0
3110,0
17011,0
24332,0
21311,0
28336,0
20765,0
14853,0
18326,0
19471,0
9779,1
28754,0
2210,0
13059,0
22219,0
26099,0
28034,0
25770,0
18013,0
17008,0
618,0
11495,0
22606,0
16387,0
23657,0
26268,0
17954,0
5654,0
12101,0
6069,0
28017,0
21423,0
7085,0
26827,0
22836,0
1474,0
19311,0
7794,0
24271,0
13842,0
23717,0
1713,0
19827,0
3995,0
16215,0
14934,0
25424,0
11230,0
708,0
7109,0
19859,0
6759,0
7484,0
24429,0
16361,0
13814,0
5496,0
15834,0
28568,0
17835,0
22025,1
23612,0
2554,0
15239,0
9710,0
7752,0
5472,0
15344,0
18388,0
20415,0
17585,0
9892,0
18483,0
22985,0
2865,0
13215,0
16580,0
17673,0
3836,0
11010,0
24734,0
27183,0
22252,0
683,0
26573,0
17013,0
1291,0
13821,0
24134,0
14395,0
8331,0
12416,0
20374,0
25326,0
5570,0
16919,0
26374,0
17230,0
18288,1
17681,0
19938,0
24116,0
14190,1
17664,1
14965,0
28013,0
17827,0
19742,0
19057,0
19672,0
15112,0
1383,0
16867,0
2441,0
21177,0
28648,0
5464,0
15548,0
14658,0
18162,0
23144,0
19021,0
6925,0
9287,0
10496,0
11976,0
12146,0
5516,1
17588,0
431,0
18059,0
10185,0
7030,0
2751,0
14765,1
24542,0
19745,0
19722,0
1866,0
16011,0
6248,0
124,0
451,0
8318,0
1606,0
6879,0
24735,0
27503,0
11770,0
28016,0
13396,0
18916,0
17259,0
13845,0
23491,0
18185,1
5461,0
27672,0
6921,0
20780,0
11335,0
26384,0
10953,0
10700,0
6271,0
2081,0
14096,0
12079,0
26100,0
7827,0
12778,0
21105,0
26796,0
16992,0
10132,0
9942,0
16764,0
27048,0
24614,0
25572,0
25045,0
16415,0
13593,0
8504,0
19650,0
23076,0
18849,0
24387,0
6698,0
15190,0
3509,0
18815,0
20517,0
11931,0
7725,0
16857,0
3,0
11132,0
1632,0
7671,0
21895,0
6481,0
16397,0
23917,1
23908,0
3393,0
23643,0
466,0
8929,0
5523,0
12499,0
8231,0
21717,0
12806,0
4338,0
9619,1
5550,0
26697,0
26405,0
10520,0
6024,0
12282,0
28449,0
14750,1
21148,0
27667,0
14701,0
27134,1
21766,0
8687,0
15465,1
10037,1
15879,0
26181,0
25937,0
27558,0
8240,0
844,0
12107,0
19761,0
15365,0
17147,0
16332,0
24929,1
3397,0
8943,0
1398,0
12872,0
27184,0
27172,0
9469,0
19681,0
9534,1
25556,1
9530,0
9693,1
9838,1
795,0
23122,0
21305,0
13909,0
28324,0
5770,0
9362,0
22441,0
28446,0
22653,0
26776,0
23726,0
17547,0
21822,0
9482,0
10868,0
11762,0
15278,0
25834,0
6484,0
10260,1
7051,0
4335,0
16169,0
20916,0
9149,0
3693,0
8557,0
26488,0
20342,0
21191,0
12675,0
10513,0
26077,0
4610,0
10784,0
20909,0
24351,0
13162,0
20146,0
15875,0
21076,0
16772,0
4191,0
5466,0
24319,0
14644,0
28812,0
19445,0
15017,0
3784,0
26689,0
10328,0
28093,0
8618,0
20385,0
25526,0
20830,0
20858,0
16342,0
25546,0
13385,0
22535,0
2909,0
19762,0
10504,0
23855,1
3416,0
20838,0
16190,0
27594,0
25535,0
27380,0
8999,0
759,0
20380,0
24292,0
8082,0
1788,1
26484,0
14255,0
27400,0
1350,0
21380,0
8355,0
8085,0
8979,0
22949,0
11466,0
25682,1
12367,0
2361,0
1402,0
6173,0
22524,0
10017,0
19135,0
19487,0
16495,0
11474,0
22541,0
23444,0
6000,0
25891,0
1879,0
12078,0
20577,0
10275,0
26428,0
5799,0
20158,0
4558,0
17697,0
22866,0
11502,0
15692,0
1809,0
24876,0
20381,0
5762,0
19373,0
7258,0
11255,0
2442,0
17877,0
17433,0
23390,0
9571,0
7325,0
11192,0
655,0
16443,0
8477,0
27271,0
24745,0
322,0
20617,0
12845,0
11932,0
5144,0
25167,0
12978,0
23257,0
7488,0
8857,1
12082,0
13987,0
12405,0
9561,0
369,0
24796,0
26899,0
4121,0
8763,0
25794,0
20938,0
21672,0
8781,0
13725,0
1131,0
2265,0
5306,0
373,0
4528,1
28652,0
8449,0
25085,0
21584,0
18466,0
27597,0
22815,0
23462,0
2075,0
18370,0
10228,0
2916,0
10182,0
1418,0
12293,0
5875,0
8518,0
24110,0
17933,0
24085,0
26877,1
25835,0
115,0
10645,1
8139,0
24821,0
20572,0
13069,0
21418,0
20549,0
12462,0
20168,0
23974,0
9563,1
23660,0
20449,0
18910,0
1554,0
21255,0
18407,1
24663,0
16306,1
12810,0
88,0
14019,0
23295,1
12382,1
14921,0
3070,0
14975,0
24795,0
23755,0
24800,0
20438,0
26068,0
22078,0
17742,0
15776,0
776,0
18153,0
9406,0
939,0
11318,1
12351,0
24721,0
24754,0
15010,0
23004,0
4397,0
15180,0
30,0
16721,0
24503,0
5043,0
15693,0
6137,0
6769,0
2174,0
11904,0
2984,0
2207,0
547,0
15594,1
28161,1
945,0
28052,0
24383,0
28712,0
14311,0
18656,0
28643,1
3352,0
25771,0
1680,0
24782,0
1557,0
17936,0
18764,0
18785,0
2698,0
4199,0
14169,0
23665,0
28655,0
10370,0
6202,0
8121,0
3732,0
6206,0
20775,0
1719,0
6108,0
25232,0
15425,0
19734,0
27308,0
21655,1
3113,0
9500,0
12965,0
17982,0
19905,0
9932,0
17486,0
25523,0
22072,0
16763,0
11753,0
23528,0
18786,0
15558,0
21261,0
27921,0
10368,0
3296,0
21757,0
9189,0
13357,0
17861,0
22586,0
563,0
5345,0
25132,0
11144,0
14587,0
5290,0
16908,0
1873,0
15843,0
13220,0
17859,0
24699,0
9791,0
17646,0
20014,0
15288,0
16222,0
24628,0
13307,0
349,0
1687,0
1355,0
19717,0
20996,0
789,1
688,0
9020,0
10859,0
11764,0
16424,0
25605,0
5683,0
12131,0
8674,0
18429,0
22213,0
24012,0
2766,0
24879,0
2026,0
8069,0
1527,0
8157,0
18501,0
2703,0
5187,0
22576,0
25979,0
6777,0
22607,0
11198,0
17083,0
28113,0
27907,1
11482,0
6720,0
8013,0
9889,0
11359,0
28223,0
21859,0
15105,0
23588,0
4424,0
27434,0
26982,0
24117,0
10612,0
25951,0
16844,0
24485,0
9251,0
5554,0
4189,0
28423,0
25925,0
8218,0
3739,0
25264,0
22087,0
11038,0
18985,0
19278,0
7456,0
14145,0
18104,0
15902,0
5937,0
16863,0
10149,0
21442,0
2710,0
24072,0
13430,0
2684,0
1393,0
19612,0
